[
  {
    "id": "ce4c5f65-120d-4d58-934c-1f6951beb973",
    "data": [
      {
        "text": "dessert \u0026 drinks",
        "userDefined": false
      }
    ],
    "isTemplate": false,
    "count": 0,
    "lang": "en",
    "updated": 0
  },
  {
    "id": "87d2f413-ada8-4d9c-9dfa-f49b12e2dc49",
    "data": [
      {
        "text": "drinks",
        "userDefined": false
      }
    ],
    "isTemplate": false,
    "count": 0,
    "lang": "en",
    "updated": 0
  },
  {
    "id": "d313d17a-7ba9-4d22-83a6-d0d5b13fa3ef",
    "data": [
      {
        "text": "dessert",
        "userDefined": false
      }
    ],
    "isTemplate": false,
    "count": 0,
    "lang": "en",
    "updated": 0
  }
]