[
  {
    "id": "c9411140-e456-44a3-92e2-e35c58e969a9",
    "data": [
      {
        "text": "gulab jamun",
        "meta": "@sys.any",
        "alias": "any",
        "userDefined": true
      }
    ],
    "isTemplate": false,
    "count": 0,
    "lang": "en",
    "updated": 0
  },
  {
    "id": "46968d1e-66d8-4fcc-bfd5-a36cf96eb243",
    "data": [
      {
        "text": "ice cream",
        "meta": "@sys.any",
        "alias": "any",
        "userDefined": true
      }
    ],
    "isTemplate": false,
    "count": 0,
    "lang": "en",
    "updated": 0
  },
  {
    "id": "dab4fa7a-a304-44d0-b1c6-6716c84e98c5",
    "data": [
      {
        "text": "soda",
        "meta": "@sys.any",
        "alias": "any",
        "userDefined": true
      }
    ],
    "isTemplate": false,
    "count": 0,
    "lang": "en",
    "updated": 0
  },
  {
    "id": "de90284e-ee89-4d46-9448-57f5fe698ed8",
    "data": [
      {
        "text": "biriyani",
        "meta": "@sys.any",
        "alias": "any",
        "userDefined": true
      }
    ],
    "isTemplate": false,
    "count": 0,
    "lang": "en",
    "updated": 0
  },
  {
    "id": "480af1b5-bcad-4415-aadf-116dc2b15323",
    "data": [
      {
        "text": "tomato ",
        "userDefined": false
      },
      {
        "text": "soup",
        "meta": "@sys.any",
        "alias": "any",
        "userDefined": true
      }
    ],
    "isTemplate": false,
    "count": 0,
    "lang": "en",
    "updated": 0
  },
  {
    "id": "fb54474a-7a52-4efb-a60a-6b61b43f82f7",
    "data": [
      {
        "text": "samaso",
        "meta": "@sys.any",
        "alias": "any",
        "userDefined": true
      }
    ],
    "isTemplate": false,
    "count": 0,
    "lang": "en",
    "updated": 0
  },
  {
    "id": "e08bf9f3-6fa8-48c7-8799-2bc0213dadb9",
    "data": [
      {
        "text": "Paneer tikka",
        "meta": "@sys.any",
        "alias": "any",
        "userDefined": true
      }
    ],
    "isTemplate": false,
    "count": 0,
    "lang": "en",
    "updated": 0
  }
]